<?xml version="1.0" encoding="UTF-8"?>

<beans xmlns="http://www.springframework.org/schema/beans"  
    xmlns:xsi="http://www.w3.org/2001/XMLSchema-instance"   
    xmlns:context="http://www.springframework.org/schema/context"  
    xmlns:mvc="http://www.springframework.org/schema/mvc"  
    xsi:schemaLocation="  
        http://www.springframework.org/schema/beans  
        http://www.springframework.org/schema/beans/spring-beans.xsd  
        http://www.springframework.org/schema/context  
        http://www.springframework.org/schema/context/spring-context.xsd  
        http://www.springframework.org/schema/mvc  
        http://www.springframework.org/schema/mvc/spring-mvc.xsd">
        
        <context:component-scan base-package="com.example.controller">
        </context:component-scan>
        
        <bean class="org.springframework.web.servlet.view.InternalResourceViewResolver">
        	<property name="prefix" value="/WEB-INF/jsp/"></property>
        	<property name="suffix" value=".jsp"></property>
        </bean>
        
        <bean id="ds" class="org.springframework.jdbc.datasource.DriverManagerDataSource">
    	<property name="driverClassName" value="com.mysql.cj.jdbc.Driver"></property>
    	<property name="url" value="jdbc:mysql://localhost:3306/sample"></property>
    	<property name="username" value="root"></property>
    	<property name="password" value="admin"></property>
    	</bean>
    
	    <bean id="jdbcTemplate" class="org.springframework.jdbc.core.JdbcTemplate">
	    	<property name="dataSource" ref="ds"></property>
	    </bean>
	
	    <bean id="userDAO" class="com.example.dao.UserDAO">
	    	<property name="jdbcTemplate" ref="jdbcTemplate"></property>
	    </bean>

</beans>