<?xml version="1.0" encoding="UTF-8"?>
<beans
xmlns="http://www.springframework.org/schema/beans"
xmlns:xsi="http://www.w3.org/2001/XMLSchema-instance"
xmlns:p="http://www.springframework.org/schema/p"
xsi:schemaLocation="http://www.springframework.org/schema/beans
http://www.springframework.org/schema/beans/spring-beans-3.0.xsd">

<bean id="Bean1" class="com.example.Passenger">
<constructor-arg value="SHRADDHA" type="String"></constructor-arg>
<constructor-arg value="21" type="int"></constructor-arg>
<constructor-arg value="F" type="char"></constructor-arg>
</bean>

<bean id="Bean2" class="com.example.Passenger">
<constructor-arg value="NAYANA" type="String"></constructor-arg>
<constructor-arg value="21" type="int"></constructor-arg>
<constructor-arg value="F" type="char"></constructor-arg>
</bean>

</beans>