<?xml version="1.0" encoding="UTF-8"?>
<beans
xmlns="http://www.springframework.org/schema/beans"
xmlns:xsi="http://www.w3.org/2001/XMLSchema-instance"
xmlns:p="http://www.springframework.org/schema/p"
xsi:schemaLocation="http://www.springframework.org/schema/beans
http://www.springframework.org/schema/beans/spring-beans-3.0.xsd">
<bean id="Bean3" class="com.example.Train">
<property name="train_number">
<value>02246</value>
</property>
<property name="train_name">
<value>DURONTO EXPRESS</value>
</property>
<property name="source">
<value>VIJAYAWADA</value>
</property>
<property name="destination">
<value>BANGALORE</value>
</property>
<property name="ticket_price">
<value>1000.00</value>
</property>
</bean>
</beans>